{"train_iou": [[0.26813438534736633, 0.25493472814559937, 0.23648932576179504, 0.0009779033716768026, 0.0012020051945000887, 0.0010674422373995185, 0.014816812239587307, 0.0034383416641503572, 0.006756811868399382, 0.0009194661480640727, 0.009000486694276333, 0.001981853973120451, 0.0014175508880395103, 0.038757625967264175], [0.46189233660697937, 0.4355687201023102, 0.3376164436340332, 0.0, 0.0, 0.0, 0.0, 0.0, 0.0, 0.0, 2.2400430680136196e-05, 0.0, 0.0, 0.002406895160675049], [0.5318576097488403, 0.5201468467712402, 0.37545710802078247, 0.0, 0.0, 0.0, 0.0, 0.0, 0.0, 0.0, 0.0, 0.0, 0.0, 0.0006881537265144289]], "eval_iou": [[0.20871752500534058, 0.24673481285572052, 0.01033458486199379, 0.0, 0.0, 0.0, 0.0, 0.0, 0.0, 0.0, 0.0, 0.0, NaN, 0.0], [0.47416672110557556, 0.47784337401390076, 0.28671643137931824, 0.0, 0.0, 0.0, 0.0, 0.0, 0.0, 0.0, 0.0, 0.0, NaN, 0.0], [0.4483390748500824, 0.4118749797344208, 0.2422853708267212, 0.0, 0.0, 0.0, 0.0, 0.0, 0.0, 0.0, 0.0, 0.0, NaN, 0.0]]}